url,label
https://www.google.com,0
https://www.youtube.com,0
https://www.amazon.com,0
https://www.facebook.com,0
https://www.twitter.com,0
https://www.linkedin.com,0
https://www.microsoft.com,0
https://www.apple.com,0
https://www.github.com,0
https://www.stackoverflow.com,0
https://www.reddit.com,0
https://www.netflix.com,0
https://www.dropbox.com,0
https://www.twitch.tv,0
https://www.paypal.com,0
https://www.spotify.com,0
https://www.nytimes.com,0
https://www.cnn.com,0
https://www.bbc.com,0
https://www.weather.com,0
https://www.airbnb.com,0
https://www.booking.com,0
https://www.udemy.com,0
https://www.khanacademy.org,0
https://www.espn.com,0
https://www.imdb.com,0
https://www.walmart.com,0
https://www.nike.com,0
https://www.adidas.com,0
https://www.coursera.org,0
https://www.icrc.org,0
https://www.whitehouse.gov,0
https://www.nasa.gov,0
https://www.europa.eu,0
https://www.intel.com,0
https://www.tesla.com,0
https://www.toyota.com,0
https://www.ibm.com,0
https://www.oracle.com,0
https://www.samsung.com,0
https://www.hp.com,0
https://www.lenovo.com,0
https://www.asus.com,0
https://www.acer.com,0
https://www.mozilla.org,0
https://www.wikimedia.org,0
https://www.wikipedia.org,0
https://www.stackexchange.com,0
https://www.digitalocean.com,0
https://www.heroku.com,0
https://www.vercel.com,0
https://www.cloudflare.com,0
https://www.zoom.us,0
https://www.skype.com,0
https://www.slack.com,0
https://www.dropbox.com,0
https://www.gitlab.com,0
https://www.bitbucket.org,0
https://www.medium.com,0
https://www.behance.net,0
https://www.dribbble.com,0
https://www.figma.com,0
https://www.canva.com,0
https://www.envato.com,0
https://www.udacity.com,0
https://www.edx.org,0
https://www.pluralsight.com,0
https://www.ted.com,0
https://www.airfrance.com,0
https://www.ryanair.com,0
https://www.delta.com,0
https://www.lufthansa.com,0
https://www.qatarairways.com,0
https://www.emirates.com,0
https://www.swiss.com,0
https://www.booking.com,0
https://www.hotels.com,0
https://www.expedia.com,0
https://www.trivago.com,0
https://www.kayak.com,0
https://www.agoda.com,0
https://www.hilton.com,0
https://www.marriott.com,0
https://www.ihg.com,0
https://www.hyatt.com,0
https://www.zoho.com,0
https://www.atlassian.com,0
https://www.mailchimp.com,0
https://www.buffer.com,0
https://www.hubspot.com,0
https://www.salesforce.com,0
https://www.zendesk.com,0
https://www.freshdesk.com,0
https://www.typeform.com,0
https://www.google.co.uk,0
https://www.amazon.co.jp,0
https://www.yahoo.co.jp,0
https://www.baidu.com,0
https://www.naver.com,0
https://www.shopee.com,0
https://www.tokopedia.com,0
https://www.flipkart.com,0
https://www.alibaba.com,0
https://www.taobao.com,0
http://192.168.0.1/verify-login,1
http://paypal.login.verify.security-check.com,1
http://update-account-info.com,1
http://secure-login-paypal.com,1
http://apple-id-support.com,1
http://facebook-login-alert.com,1
http://gmail-update-now.com,1
http://verify-your-bank-now.com,1
http://amazon-account-recovery.com,1
http://signin.ebay.customer.com,1
http://login.microsoft-verification.com,1
http://dropbox.security-check.com,1
http://alert-billing-paypal.com,1
http://account-validate.info,1
http://recovery-center-login.com,1
http://secure-paypal-support.com,1
http://verify-billing.com,1
http://netflix-update.com/login,1
http://scam-login-confirm.com,1
http://fraud-detection-warning.com,1
http://auth-update-banking.com,1
http://unlock-appleid-support.com,1
http://user-authentication-required.com,1
http://paypal-secure-alerts.com,1
http://account.recovery-alerts.com,1
http://sign-in-now-update.com,1
http://security-breach-check.com,1
http://secure-access-alert.com,1
http://locked-account-notice.com,1
http://googlemail-warning-check.com,1
http://phishing-login-reset.com,1
http://webscr-login.com,1
http://authenticator-appleid-support.com,1
http://suspicious-signin-alert.com,1
http://validate-login-check.com,1
http://secure2023-login.com,1
http://banking-login-protect.com,1
http://confirm-paypal-security.com,1
http://lockeduser-verification.com,1
http://fraud-protection-verify.com,1
http://password-reset-protect.com,1
http://alert-billing-center.com,1
http://validate-signin-notice.com,1
http://account-upgrade-login.com,1
http://paypal-support-validate.com,1
http://secure.recovery.update.com,1
http://signin-warning-paypal.com,1
http://banking-auth-alert.com,1
http://reset-password-now.com,1
http://webmail-auth-check.com,1
http://security-update-warning.com,1
http://danger-alert-login.com,1
